Question,Slug,Collection ID,Locale ID,Item ID,Created On,Updated On,Published On,Answer,Featured FAQs,Service
Are paid ads suitable for small businesses?,are-paid-ads-suitable-for-small-businesses,672c8182d054dcb568c75254,672c7bda348210ae7a5c0d94,6745853e01423d157df169bf,Tue Nov 26 2024 08:22:22 GMT+0000 (Coordinated Universal Time),Thu Jan 30 2025 08:52:42 GMT+0000 (Coordinated Universal Time),Thu Jan 30 2025 08:54:34 GMT+0000 (Coordinated Universal Time),Absolutely! We scale campaigns to match your needs and budget.,false,paid-ad-campaigns
Can I update my existing brand identity instead of creating a new one?,can-i-update-my-existing-brand-identity-instead-of-creating-a-new-one,672c8182d054dcb568c75254,672c7bda348210ae7a5c0d94,672c819bbf360fd204be5446,Thu Nov 07 2024 09:00:11 GMT+0000 (Coordinated Universal Time),Tue Nov 26 2024 08:26:38 GMT+0000 (Coordinated Universal Time),Tue Nov 26 2024 11:52:20 GMT+0000 (Coordinated Universal Time),Absolutely. We offer brand refresh services to modernize and refine your existing brand identity while retaining its core elements.,true,
Can rebranding help reach a new audience?,can-rebranding-help-reach-a-new-audience,672c8182d054dcb568c75254,672c7bda348210ae7a5c0d94,672c819b45d8703ecef733af,Thu Nov 07 2024 09:00:11 GMT+0000 (Coordinated Universal Time),Thu Jan 30 2025 08:44:54 GMT+0000 (Coordinated Universal Time),Thu Jan 30 2025 08:54:34 GMT+0000 (Coordinated Universal Time),Absolutely. Rebranding can help you adjust your message and brand image to appeal to new demographics.‍,false,rebranding
Can you help with email list building and management?,can-you-help-with-email-list-building-and-management,672c8182d054dcb568c75254,672c7bda348210ae7a5c0d94,6745837526405639f3ec3147,Tue Nov 26 2024 08:14:45 GMT+0000 (Coordinated Universal Time),Thu Jan 30 2025 08:50:39 GMT+0000 (Coordinated Universal Time),Thu Jan 30 2025 08:54:34 GMT+0000 (Coordinated Universal Time),"Yes, we offer comprehensive list-building and management services to help you grow a high-quality, engaged subscriber base.",false,email-marketing
Can you help with paid social media advertising?,can-you-help-with-paid-social-media-advertising,672c8182d054dcb568c75254,672c7bda348210ae7a5c0d94,674585e5cdeada8a19f3e882,Tue Nov 26 2024 08:25:09 GMT+0000 (Coordinated Universal Time),Thu Jan 30 2025 08:54:05 GMT+0000 (Coordinated Universal Time),Thu Jan 30 2025 08:54:34 GMT+0000 (Coordinated Universal Time),"Yes, we offer comprehensive management of paid advertising campaigns across various platforms.",false,social-media-content-creation-management
Can you help with website SEO?,can-you-help-with-website-seo,672c8182d054dcb568c75254,672c7bda348210ae7a5c0d94,672c819b013b421c3916b28f,Thu Nov 07 2024 09:00:11 GMT+0000 (Coordinated Universal Time),Thu Jan 30 2025 08:47:38 GMT+0000 (Coordinated Universal Time),Thu Jan 30 2025 08:54:34 GMT+0000 (Coordinated Universal Time),"Yes, we implement SEO best practices during the development process to help improve your site’s visibility.",false,web-design-development
Do you guarantee first-page rankings?,do-you-guarantee-first-page-rankings,672c8182d054dcb568c75254,672c7bda348210ae7a5c0d94,672c819be6f0c82866474cb4,Thu Nov 07 2024 09:00:11 GMT+0000 (Coordinated Universal Time),Thu Jan 30 2025 08:48:44 GMT+0000 (Coordinated Universal Time),Thu Jan 30 2025 08:54:34 GMT+0000 (Coordinated Universal Time),"While we can’t guarantee specific rankings, we employ best practices to improve your visibility.",false,seo-services
Do you offer email automation services?,do-you-offer-email-automation-services,672c8182d054dcb568c75254,672c7bda348210ae7a5c0d94,67458315851cc0cfe6c4834c,Tue Nov 26 2024 08:13:09 GMT+0000 (Coordinated Universal Time),Thu Jan 30 2025 08:50:21 GMT+0000 (Coordinated Universal Time),Thu Jan 30 2025 08:54:34 GMT+0000 (Coordinated Universal Time),"Absolutely! We specialize in setting up automated email sequences, including welcome series, lead nurturing, and cart abandonment flows.",false,email-marketing
Do you provide ongoing support after launch?,do-you-provide-ongoing-support-after-launch,672c8182d054dcb568c75254,672c7bda348210ae7a5c0d94,672c819b76927daef8c8f40f,Thu Nov 07 2024 09:00:11 GMT+0000 (Coordinated Universal Time),Thu Jan 30 2025 08:47:52 GMT+0000 (Coordinated Universal Time),Thu Jan 30 2025 08:54:34 GMT+0000 (Coordinated Universal Time),"Yes, we offer ongoing maintenance and support to ensure your website remains up-to-date.",false,web-design-development
How can email marketing benefit my business?,how-can-email-marketing-benefit-my-business,672c8182d054dcb568c75254,672c7bda348210ae7a5c0d94,67458301b1e350d84daf7b29,Tue Nov 26 2024 08:12:49 GMT+0000 (Coordinated Universal Time),Thu Jan 30 2025 08:50:09 GMT+0000 (Coordinated Universal Time),Thu Jan 30 2025 08:54:34 GMT+0000 (Coordinated Universal Time),"Email marketing allows you to directly engage with your audience, share personalized messages, and nurture leads, ultimately driving more conversions and customer loyalty.",false,email-marketing
How do we keep costs down?,how-do-we-keep-costs-down,672c8182d054dcb568c75254,672c7bda348210ae7a5c0d94,6745855a729b8f702d38b818,Tue Nov 26 2024 08:22:50 GMT+0000 (Coordinated Universal Time),Thu Jan 30 2025 08:53:18 GMT+0000 (Coordinated Universal Time),Thu Jan 30 2025 08:54:34 GMT+0000 (Coordinated Universal Time),We continuously optimize your campaigns to get more for your money.,false,paid-ad-campaigns
How do you know if the ads are working?,how-do-you-know-if-the-ads-are-working,672c8182d054dcb568c75254,672c7bda348210ae7a5c0d94,6745854fd90ade58a87ed011,Tue Nov 26 2024 08:22:39 GMT+0000 (Coordinated Universal Time),Thu Jan 30 2025 08:52:54 GMT+0000 (Coordinated Universal Time),Thu Jan 30 2025 08:54:34 GMT+0000 (Coordinated Universal Time),"We track everything from clicks to sales, showing you the exact value.",false,paid-ad-campaigns
How do you measure campaign success?,how-do-you-measure-campaign-success,672c8182d054dcb568c75254,672c7bda348210ae7a5c0d94,674583a582d5578e901f6344,Tue Nov 26 2024 08:15:33 GMT+0000 (Coordinated Universal Time),Thu Jan 30 2025 08:51:18 GMT+0000 (Coordinated Universal Time),Thu Jan 30 2025 08:54:34 GMT+0000 (Coordinated Universal Time),"We provide detailed analytics on open rates, click-through rates, conversions, and ROI, giving you full visibility into campaign performance.‍",false,email-marketing
How do you measure the success of a rebranding project?,how-do-you-measure-the-success-of-a-rebranding-project,672c8182d054dcb568c75254,672c7bda348210ae7a5c0d94,672c819b36392cb26dc445ea,Thu Nov 07 2024 09:00:11 GMT+0000 (Coordinated Universal Time),Thu Jan 30 2025 08:44:25 GMT+0000 (Coordinated Universal Time),Thu Jan 30 2025 08:54:34 GMT+0000 (Coordinated Universal Time),"Success is measured through various metrics such as brand recognition, customer engagement, and ultimately, sales performance.",false,rebranding
How long does it take to build a website?,how-long-does-it-take-to-build-a-website,672c8182d054dcb568c75254,672c7bda348210ae7a5c0d94,672c819b5413fe84658a528f,Thu Nov 07 2024 09:00:11 GMT+0000 (Coordinated Universal Time),Thu Jan 30 2025 08:47:00 GMT+0000 (Coordinated Universal Time),Thu Jan 30 2025 08:54:34 GMT+0000 (Coordinated Universal Time),"Timelines vary, but we typically complete projects within 6-12 weeks, depending on complexity.",false,web-design-development
How long does it take to create a brand identity?,how-long-does-it-take-to-create-a-brand-identity,672c8182d054dcb568c75254,672c7bda348210ae7a5c0d94,672c819c8a58329bae1f50a8,Thu Nov 07 2024 09:00:12 GMT+0000 (Coordinated Universal Time),Tue Nov 26 2024 08:26:24 GMT+0000 (Coordinated Universal Time),Tue Nov 26 2024 11:52:20 GMT+0000 (Coordinated Universal Time),"The timeframe varies based on the scope and complexity of the project. On average, it takes 4 to 8 weeks to complete a comprehensive brand identity project.",true,
How long does it take to see results from SEO?,how-long-does-it-take-to-see-results-from-seo,672c8182d054dcb568c75254,672c7bda348210ae7a5c0d94,672c819b9c3c1c184c6a67ac,Thu Nov 07 2024 09:00:11 GMT+0000 (Coordinated Universal Time),Thu Jan 30 2025 08:48:23 GMT+0000 (Coordinated Universal Time),Thu Jan 30 2025 08:54:34 GMT+0000 (Coordinated Universal Time),SEO is a long-term strategy; you can expect to see initial results within 3-6 months.,false,seo-services
How much does it cost to start?,how-much-does-it-cost-to-start,672c8182d054dcb568c75254,672c7bda348210ae7a5c0d94,6745851b153ecd3c18b011f0,Tue Nov 26 2024 08:21:47 GMT+0000 (Coordinated Universal Time),Thu Jan 30 2025 08:52:19 GMT+0000 (Coordinated Universal Time),Thu Jan 30 2025 08:54:34 GMT+0000 (Coordinated Universal Time),We work with your budget to get the best return on your investment.,false,paid-ad-campaigns
How much does rebranding cost?,how-much-does-rebranding-cost,672c8182d054dcb568c75254,672c7bda348210ae7a5c0d94,672c819bbf360fd204be542e,Thu Nov 07 2024 09:00:11 GMT+0000 (Coordinated Universal Time),Thu Jan 30 2025 08:44:07 GMT+0000 (Coordinated Universal Time),Thu Jan 30 2025 08:54:34 GMT+0000 (Coordinated Universal Time),Costs can vary widely depending on the project’s complexity and your specific requirements. Contact us for a detailed quote.,false,rebranding
How often do you provide reports?,how-often-do-you-provide-reports,672c8182d054dcb568c75254,672c7bda348210ae7a5c0d94,672c819b6ec5efd1463698ab,Thu Nov 07 2024 09:00:11 GMT+0000 (Coordinated Universal Time),Thu Jan 30 2025 08:49:08 GMT+0000 (Coordinated Universal Time),Thu Jan 30 2025 08:54:34 GMT+0000 (Coordinated Universal Time),"We provide regular reports, typically monthly, detailing progress and performance.",false,seo-services
How often should I post on social media?,how-often-should-i-post-on-social-media,672c8182d054dcb568c75254,672c7bda348210ae7a5c0d94,674585dae39ce1017962e4b7,Tue Nov 26 2024 08:24:58 GMT+0000 (Coordinated Universal Time),Thu Jan 30 2025 08:53:55 GMT+0000 (Coordinated Universal Time),Thu Jan 30 2025 08:54:34 GMT+0000 (Coordinated Universal Time),"Posting frequency varies by platform and audience, but we typically recommend 3-5 times a week.",false,social-media-content-creation-management
How quickly can I see results?,how-quickly-can-i-see-results,672c8182d054dcb568c75254,672c7bda348210ae7a5c0d94,6745852977d931b6401d2233,Tue Nov 26 2024 08:22:01 GMT+0000 (Coordinated Universal Time),Thu Jan 30 2025 08:52:30 GMT+0000 (Coordinated Universal Time),Thu Jan 30 2025 08:54:34 GMT+0000 (Coordinated Universal Time),You might see results as soon as your ads go live!,false,paid-ad-campaigns
"What is brand identity, and how is it different from branding?",what-is-brand-identity-and-how-is-it-different-from-branding,672c8182d054dcb568c75254,672c7bda348210ae7a5c0d94,672c819cd8ecc8776da1c75f,Thu Nov 07 2024 09:00:12 GMT+0000 (Coordinated Universal Time),Tue Nov 26 2024 08:26:28 GMT+0000 (Coordinated Universal Time),Tue Nov 26 2024 11:52:20 GMT+0000 (Coordinated Universal Time),"Brand identity is the collection of visual and verbal elements that represent your brand, such as the logo, color scheme, and messaging. Branding, on the other hand, is the process of creating and managing a brand identity.",true,
What is the typical timeline for a rebranding project?,what-is-the-typical-timeline-for-a-rebranding-project,672c8182d054dcb568c75254,672c7bda348210ae7a5c0d94,672c819bd48e19f84ab8edc1,Thu Nov 07 2024 09:00:11 GMT+0000 (Coordinated Universal Time),Thu Jan 30 2025 08:40:55 GMT+0000 (Coordinated Universal Time),Thu Jan 30 2025 08:54:34 GMT+0000 (Coordinated Universal Time),The timeline varies based on the scope but generally ranges from three to six months.,false,rebranding
What platforms are best for my business?,what-platforms-are-best-for-my-business,672c8182d054dcb568c75254,672c7bda348210ae7a5c0d94,674584f1bd51c49461ecabcd,Tue Nov 26 2024 08:21:05 GMT+0000 (Coordinated Universal Time),Thu Jan 30 2025 08:52:09 GMT+0000 (Coordinated Universal Time),Thu Jan 30 2025 08:54:34 GMT+0000 (Coordinated Universal Time),We choose the platforms where your customers spend the most time.,false,paid-ad-campaigns
What types of emails can you create?,what-types-of-emails-can-you-create,672c8182d054dcb568c75254,672c7bda348210ae7a5c0d94,6745838a21f67164fca72aff,Tue Nov 26 2024 08:15:06 GMT+0000 (Coordinated Universal Time),Thu Jan 30 2025 08:50:52 GMT+0000 (Coordinated Universal Time),Thu Jan 30 2025 08:54:34 GMT+0000 (Coordinated Universal Time),"We create all types of emails, including newsletters, promotional emails, transactional emails, and automated sequences like drip campaigns.",false,email-marketing
Will my emails comply with GDPR and CAN-SPAM regulations?,will-my-emails-comply-with-gdpr-and-can-spam-regulations,672c8182d054dcb568c75254,672c7bda348210ae7a5c0d94,6745839a252868ab951ff613,Tue Nov 26 2024 08:15:22 GMT+0000 (Coordinated Universal Time),Thu Jan 30 2025 08:51:07 GMT+0000 (Coordinated Universal Time),Thu Jan 30 2025 08:54:34 GMT+0000 (Coordinated Universal Time),"All our campaigns are fully compliant with GDPR, CAN-SPAM, and other email marketing regulations.",false,email-marketing
Will my website be mobile-friendly?,will-my-website-be-mobile-friendly,672c8182d054dcb568c75254,672c7bda348210ae7a5c0d94,672c819b10b62d8a598e2232,Thu Nov 07 2024 09:00:11 GMT+0000 (Coordinated Universal Time),Thu Jan 30 2025 08:47:21 GMT+0000 (Coordinated Universal Time),Thu Jan 30 2025 08:54:34 GMT+0000 (Coordinated Universal Time),Absolutely! All our websites are designed to be responsive and look great on any device.,false,web-design-development
Will you provide performance reports?,will-you-provide-performance-reports,672c8182d054dcb568c75254,672c7bda348210ae7a5c0d94,674585f211b72aa7bea04d66,Tue Nov 26 2024 08:25:22 GMT+0000 (Coordinated Universal Time),Thu Jan 30 2025 08:54:19 GMT+0000 (Coordinated Universal Time),Thu Jan 30 2025 08:54:34 GMT+0000 (Coordinated Universal Time),"Absolutely! We provide regular reports detailing engagement, reach, and growth.",false,social-media-content-creation-management
